{"cameraMode":{"drawMode":2,"name":"Shaded Wireframe","section":"Shading Mode"},"sceneLighting":true,"audioPlay":false,"sceneViewState":{"showFog":true,"showMaterialUpdate":false,"showSkybox":true,"showFlares":true,"showImageEffects":true,"showParticleSystems":true},"in2DMode":false,"pivot":{"x":-6.072013854980469,"y":-0.7282361388206482,"z":1.4537181854248047},"rotation":{"x":-0.09377811849117279,"y":0.6422758102416992,"z":-0.07961051911115647,"w":-0.7567006349563599},"size":4.670627593994141,"orthographic":false}